"CustomerID,Touchpoint,Channel,Timestamp,Spend,ConversionFlag,Revenue"
"C001,1,Instagram,2025-08-01 00:00:00,64.76,0,0.0"
"C001,2,Blog Post,2025-08-08 00:00:00,15.6,0,0.0"
"C001,3,Instagram,2025-08-19 00:00:00,40.96,0,0.0"
"C001,4,Facebook Ads,2025-09-23 00:00:00,17.89,0,0.0"
"C002,1,Organic Search,2025-08-05 00:00:00,67.55,0,0.0"
"C002,2,Facebook Ads,2025-08-23 00:00:00,61.84,0,0.0"
"C002,3,Instagram,2025-08-25 00:00:00,57.25,1,643.5348846382745"
"C003,1,Google Ads,2025-08-18 00:00:00,38.24,0,0.0"
"C003,2,Google Ads,2025-09-04 00:00:00,45.61,0,0.0"
"C003,3,Email,2025-09-07 00:00:00,26.26,0,0.0"
"C003,4,Facebook Ads,2025-09-23 00:00:00,69.26,0,0.0"
"C004,1,Email,2025-08-01 00:00:00,45.77,0,0.0"
"C004,2,Instagram,2025-08-02 00:00:00,12.75,0,0.0"
"C004,3,Email,2025-08-16 00:00:00,52.26,0,0.0"
"C004,4,Google Ads,2025-09-07 00:00:00,10.24,0,0.0"
"C004,5,Email,2025-09-15 00:00:00,42.38,1,570.470317191686"
"C005,1,YouTube,2025-08-03 00:00:00,51.08,0,0.0"
"C005,2,Facebook Ads,2025-08-17 00:00:00,63.04,0,0.0"
"C005,3,Google Ads,2025-09-11 00:00:00,77.09,0,0.0"
"C005,4,Email,2025-09-16 00:00:00,68.48,0,0.0"
"C006,1,Email,2025-08-08 00:00:00,76.63,0,0.0"
"C006,2,Organic Search,2025-08-10 00:00:00,61.7,0,0.0"
"C006,3,Instagram,2025-08-14 00:00:00,23.57,0,0.0"
"C006,4,Blog Post,2025-08-27 00:00:00,37.62,0,0.0"
"C006,5,Email,2025-08-30 00:00:00,43.26,1,808.2465002120957"
"C007,1,YouTube,2025-08-12 00:00:00,26.86,0,0.0"
"C007,2,Blog Post,2025-08-19 00:00:00,21.27,0,0.0"
"C008,1,Facebook Ads,2025-09-14 00:00:00,26.78,0,0.0"
"C008,2,Instagram,2025-09-16 00:00:00,30.21,0,0.0"
"C008,3,Instagram,2025-09-28 00:00:00,21.93,1,968.4585707554517"
"C009,1,YouTube,2025-08-12 00:00:00,11.87,0,0.0"
"C009,2,Blog Post,2025-08-22 00:00:00,34.78,0,0.0"
"C009,3,Google Ads,2025-08-29 00:00:00,15.8,0,0.0"
"C009,4,Blog Post,2025-09-04 00:00:00,66.14,0,0.0"
"C009,5,YouTube,2025-09-05 00:00:00,28.12,0,0.0"
"C010,1,Google Ads,2025-08-17 00:00:00,37.6,0,0.0"
"C010,2,Google Ads,2025-09-05 00:00:00,50.0,1,585.366821296147"
"C011,1,Organic Search,2025-09-19 00:00:00,14.62,0,0.0"
"C011,2,Google Ads,2025-09-29 00:00:00,63.58,1,391.7250212743236"
"C012,1,Blog Post,2025-08-13 00:00:00,52.65,0,0.0"
"C012,2,Facebook Ads,2025-08-24 00:00:00,49.15,0,0.0"
"C012,3,Google Ads,2025-08-24 00:00:00,17.17,0,0.0"
"C012,4,Facebook Ads,2025-08-27 00:00:00,59.5,0,0.0"
"C012,5,Google Ads,2025-09-04 00:00:00,36.64,1,511.8804061331752"
"C013,1,Email,2025-08-26 00:00:00,19.89,0,0.0"
"C013,2,Facebook Ads,2025-09-18 00:00:00,39.69,0,0.0"
"C013,3,Facebook Ads,2025-09-19 00:00:00,16.39,1,715.0510245848528"
"C014,1,Instagram,2025-08-06 00:00:00,59.78,0,0.0"
"C014,2,Blog Post,2025-08-10 00:00:00,28.29,0,0.0"
"C014,3,Google Ads,2025-08-28 00:00:00,62.31,0,0.0"
"C014,4,Organic Search,2025-09-04 00:00:00,55.3,1,324.0424530872755"
"C015,1,Google Ads,2025-08-30 00:00:00,44.18,0,0.0"
"C015,2,Google Ads,2025-09-05 00:00:00,45.47,0,0.0"
"C015,3,Instagram,2025-09-15 00:00:00,25.67,0,0.0"
"C016,1,Email,2025-08-13 00:00:00,13.09,0,0.0"
"C016,2,Facebook Ads,2025-09-13 00:00:00,23.64,0,0.0"
"C017,1,Google Ads,2025-08-09 00:00:00,36.3,0,0.0"
"C017,2,Google Ads,2025-09-10 00:00:00,49.19,0,0.0"
"C018,1,Email,2025-08-07 00:00:00,27.44,0,0.0"
"C018,2,Instagram,2025-08-22 00:00:00,58.57,0,0.0"
"C018,3,Blog Post,2025-08-23 00:00:00,62.12,0,0.0"
"C018,4,Facebook Ads,2025-08-24 00:00:00,34.87,1,915.0468957019295"
"C019,1,Facebook Ads,2025-08-25 00:00:00,33.74,0,0.0"
"C019,2,YouTube,2025-09-18 00:00:00,72.86,0,0.0"
"C019,3,Facebook Ads,2025-09-19 00:00:00,46.52,0,0.0"
"C019,4,Organic Search,2025-09-20 00:00:00,56.94,0,0.0"
"C019,5,Facebook Ads,2025-09-24 00:00:00,79.79,0,0.0"
"C020,1,Instagram,2025-08-08 00:00:00,77.26,0,0.0"
"C020,2,Instagram,2025-08-13 00:00:00,33.54,0,0.0"
"C020,3,YouTube,2025-09-18 00:00:00,67.35,0,0.0"
"C021,1,Email,2025-08-24 00:00:00,60.27,0,0.0"
"C021,2,Instagram,2025-09-04 00:00:00,71.19,0,0.0"
"C021,3,Google Ads,2025-09-05 00:00:00,58.32,0,0.0"
"C021,4,Facebook Ads,2025-09-25 00:00:00,45.58,1,734.0319086310413"
"C022,1,Instagram,2025-08-02 00:00:00,13.88,0,0.0"
"C022,2,Facebook Ads,2025-09-11 00:00:00,55.62,0,0.0"
"C022,3,Email,2025-09-26 00:00:00,55.83,0,0.0"
"C022,4,Email,2025-09-28 00:00:00,75.23,0,0.0"
"C023,1,Organic Search,2025-09-13 00:00:00,17.89,0,0.0"
"C023,2,Google Ads,2025-09-21 00:00:00,53.83,0,0.0"
"C024,1,Organic Search,2025-08-15 00:00:00,36.88,0,0.0"
"C024,2,Organic Search,2025-08-21 00:00:00,46.66,0,0.0"
"C024,3,Google Ads,2025-09-04 00:00:00,32.79,0,0.0"
"C024,4,Instagram,2025-09-23 00:00:00,64.68,0,0.0"
"C024,5,Organic Search,2025-09-26 00:00:00,33.18,1,963.2929102853699"
"C025,1,YouTube,2025-08-04 00:00:00,35.32,0,0.0"
"C025,2,Blog Post,2025-09-02 00:00:00,50.25,0,0.0"
"C025,3,Organic Search,2025-09-08 00:00:00,25.68,1,682.1836270996339"
"C026,1,Instagram,2025-08-13 00:00:00,22.2,0,0.0"
"C026,2,Facebook Ads,2025-09-17 00:00:00,76.33,1,441.7945012152086"
"C027,1,Organic Search,2025-08-04 00:00:00,70.82,0,0.0"
"C027,2,Organic Search,2025-08-09 00:00:00,34.69,0,0.0"
"C027,3,Facebook Ads,2025-09-03 00:00:00,24.12,1,893.1652925584888"
"C028,1,Google Ads,2025-08-20 00:00:00,28.49,0,0.0"
"C028,2,Blog Post,2025-08-21 00:00:00,24.65,0,0.0"
"C028,3,Email,2025-08-29 00:00:00,38.84,0,0.0"
"C028,4,Google Ads,2025-09-04 00:00:00,64.62,0,0.0"
"C028,5,Facebook Ads,2025-09-13 00:00:00,64.81,1,674.1320277440591"
"C029,1,Email,2025-08-16 00:00:00,40.59,0,0.0"
"C029,2,Blog Post,2025-09-30 00:00:00,14.34,1,742.4227235683131"
"C030,1,YouTube,2025-08-03 00:00:00,78.1,0,0.0"
"C030,2,Google Ads,2025-09-06 00:00:00,71.67,0,0.0"
"C031,1,Instagram,2025-08-26 00:00:00,62.32,0,0.0"
"C031,2,Organic Search,2025-08-27 00:00:00,17.74,0,0.0"
"C031,3,Instagram,2025-09-10 00:00:00,34.07,0,0.0"
"C032,1,Google Ads,2025-08-08 00:00:00,41.24,0,0.0"
"C032,2,Blog Post,2025-08-15 00:00:00,27.26,0,0.0"
"C032,3,Google Ads,2025-09-11 00:00:00,44.56,0,0.0"
"C032,4,Google Ads,2025-09-23 00:00:00,28.09,0,0.0"
"C032,5,Google Ads,2025-09-24 00:00:00,42.44,0,0.0"
"C033,1,Email,2025-09-07 00:00:00,68.49,0,0.0"
"C033,2,Blog Post,2025-09-11 00:00:00,16.2,0,0.0"
"C034,1,YouTube,2025-08-18 00:00:00,48.05,0,0.0"
"C034,2,Facebook Ads,2025-09-07 00:00:00,62.17,0,0.0"
"C034,3,Facebook Ads,2025-09-26 00:00:00,10.14,0,0.0"
"C034,4,Google Ads,2025-09-27 00:00:00,71.61,1,464.27114382274067"
"C035,1,YouTube,2025-08-05 00:00:00,27.98,0,0.0"
"C035,2,Facebook Ads,2025-09-11 00:00:00,28.34,0,0.0"
"C035,3,Email,2025-09-28 00:00:00,43.91,0,0.0"
"C036,1,Google Ads,2025-08-24 00:00:00,40.05,0,0.0"
"C036,2,YouTube,2025-08-26 00:00:00,29.58,0,0.0"
"C036,3,Google Ads,2025-09-09 00:00:00,46.59,0,0.0"
"C036,4,Blog Post,2025-09-23 00:00:00,51.93,1,359.5643859556274"
"C037,1,Facebook Ads,2025-08-05 00:00:00,75.41,0,0.0"
"C037,2,Google Ads,2025-08-25 00:00:00,51.75,0,0.0"
"C037,3,YouTube,2025-09-03 00:00:00,57.02,0,0.0"
"C037,4,Instagram,2025-09-16 00:00:00,65.31,0,0.0"
"C038,1,YouTube,2025-08-22 00:00:00,59.77,0,0.0"
"C038,2,Blog Post,2025-09-04 00:00:00,25.93,1,604.2310896786175"
"C039,1,YouTube,2025-09-05 00:00:00,48.86,0,0.0"
"C039,2,YouTube,2025-09-28 00:00:00,20.8,1,972.8642169031363"
"C040,1,Facebook Ads,2025-08-04 00:00:00,60.31,0,0.0"
"C040,2,Google Ads,2025-08-20 00:00:00,24.42,0,0.0"
"C040,3,Blog Post,2025-08-25 00:00:00,51.56,0,0.0"
"C040,4,Blog Post,2025-09-15 00:00:00,46.6,0,0.0"
"C040,5,Facebook Ads,2025-09-28 00:00:00,42.32,1,654.7240346246534"
"C041,1,Blog Post,2025-08-02 00:00:00,29.19,0,0.0"
"C041,2,YouTube,2025-08-03 00:00:00,48.41,0,0.0"
"C041,3,Blog Post,2025-08-16 00:00:00,64.55,0,0.0"
"C041,4,Google Ads,2025-08-16 00:00:00,16.44,0,0.0"
"C041,5,Email,2025-09-06 00:00:00,27.09,0,0.0"
"C042,1,Organic Search,2025-08-04 00:00:00,59.25,0,0.0"
"C042,2,Email,2025-09-05 00:00:00,55.0,0,0.0"
"C042,3,Blog Post,2025-09-08 00:00:00,20.86,0,0.0"
"C042,4,Instagram,2025-09-26 00:00:00,40.88,0,0.0"
"C043,1,Organic Search,2025-08-02 00:00:00,55.07,0,0.0"
"C043,2,Instagram,2025-08-03 00:00:00,56.31,0,0.0"
"C043,3,Facebook Ads,2025-08-14 00:00:00,30.53,0,0.0"
"C043,4,Blog Post,2025-08-27 00:00:00,54.57,0,0.0"
"C043,5,Organic Search,2025-09-20 00:00:00,43.62,0,0.0"
"C044,1,YouTube,2025-08-14 00:00:00,47.67,0,0.0"
"C044,2,Facebook Ads,2025-08-17 00:00:00,22.47,0,0.0"
"C044,3,Instagram,2025-08-24 00:00:00,14.81,0,0.0"
"C044,4,Instagram,2025-09-02 00:00:00,35.61,1,398.5241557927085"
"C045,1,Google Ads,2025-08-20 00:00:00,35.11,0,0.0"
"C045,2,Google Ads,2025-09-20 00:00:00,61.65,0,0.0"
"C046,1,Google Ads,2025-08-25 00:00:00,16.63,0,0.0"
"C046,2,Google Ads,2025-09-03 00:00:00,73.58,0,0.0"
"C046,3,Google Ads,2025-09-05 00:00:00,45.31,0,0.0"
"C046,4,YouTube,2025-09-14 00:00:00,52.69,0,0.0"
"C046,5,YouTube,2025-09-24 00:00:00,45.33,1,676.6613379256098"
"C047,1,Organic Search,2025-08-17 00:00:00,54.63,0,0.0"
"C047,2,Email,2025-08-28 00:00:00,63.9,0,0.0"
"C047,3,YouTube,2025-09-09 00:00:00,49.55,0,0.0"
"C047,4,Instagram,2025-09-17 00:00:00,29.65,0,0.0"
"C047,5,Instagram,2025-09-18 00:00:00,39.47,0,0.0"
"C048,1,Organic Search,2025-08-05 00:00:00,51.16,0,0.0"
"C048,2,Instagram,2025-08-25 00:00:00,43.25,0,0.0"
"C048,3,YouTube,2025-08-25 00:00:00,15.29,1,363.61348816598405"
"C049,1,Instagram,2025-08-11 00:00:00,41.61,0,0.0"
"C049,2,Facebook Ads,2025-08-25 00:00:00,47.37,0,0.0"
"C049,3,Facebook Ads,2025-09-04 00:00:00,51.26,0,0.0"
"C049,4,Organic Search,2025-09-21 00:00:00,56.6,0,0.0"
"C049,5,Google Ads,2025-09-24 00:00:00,44.08,0,0.0"
"C050,1,Email,2025-09-01 00:00:00,36.39,0,0.0"
"C050,2,Organic Search,2025-09-04 00:00:00,26.57,0,0.0"
"C050,3,Organic Search,2025-09-12 00:00:00,54.04,0,0.0"
"C050,4,Email,2025-09-19 00:00:00,52.72,0,0.0"
"C050,5,Organic Search,2025-09-27 00:00:00,30.96,0,0.0"
"C051,1,YouTube,2025-08-27 00:00:00,73.36,0,0.0"
"C051,2,Instagram,2025-09-02 00:00:00,63.58,0,0.0"
"C051,3,YouTube,2025-09-04 00:00:00,69.23,0,0.0"
"C052,1,Facebook Ads,2025-08-08 00:00:00,74.35,0,0.0"
"C052,2,Instagram,2025-08-31 00:00:00,48.77,0,0.0"
"C052,3,Organic Search,2025-09-13 00:00:00,47.0,0,0.0"
"C052,4,Facebook Ads,2025-09-13 00:00:00,30.69,0,0.0"
"C052,5,Facebook Ads,2025-09-25 00:00:00,30.72,0,0.0"
"C053,1,Email,2025-08-10 00:00:00,21.88,0,0.0"
"C053,2,Organic Search,2025-08-27 00:00:00,74.14,0,0.0"
"C053,3,YouTube,2025-09-28 00:00:00,12.45,0,0.0"
"C054,1,Organic Search,2025-09-17 00:00:00,33.11,0,0.0"
"C054,2,Google Ads,2025-09-30 00:00:00,57.45,0,0.0"
"C055,1,Instagram,2025-08-31 00:00:00,49.91,0,0.0"
"C055,2,Blog Post,2025-09-05 00:00:00,74.56,0,0.0"
"C055,3,Blog Post,2025-09-06 00:00:00,68.93,0,0.0"
"C055,4,Google Ads,2025-09-06 00:00:00,11.36,0,0.0"
"C055,5,YouTube,2025-09-23 00:00:00,31.56,1,693.0369031234861"
"C056,1,Blog Post,2025-08-12 00:00:00,67.82,0,0.0"
"C056,2,Google Ads,2025-08-31 00:00:00,31.54,1,560.7039575106664"
"C057,1,Facebook Ads,2025-08-03 00:00:00,56.49,0,0.0"
"C057,2,Email,2025-09-03 00:00:00,27.3,0,0.0"
"C057,3,Facebook Ads,2025-09-13 00:00:00,15.75,0,0.0"
"C057,4,Blog Post,2025-09-26 00:00:00,55.14,0,0.0"
"C058,1,Organic Search,2025-08-11 00:00:00,40.32,0,0.0"
"C058,2,Instagram,2025-08-14 00:00:00,72.3,0,0.0"
"C058,3,Blog Post,2025-08-16 00:00:00,40.92,0,0.0"
"C058,4,Instagram,2025-09-29 00:00:00,29.87,1,737.114306978847"
"C059,1,Organic Search,2025-08-11 00:00:00,56.27,0,0.0"
"C059,2,Instagram,2025-08-24 00:00:00,68.94,0,0.0"
"C059,3,Facebook Ads,2025-08-25 00:00:00,76.23,0,0.0"
"C059,4,Blog Post,2025-09-09 00:00:00,23.55,0,0.0"
"C059,5,Google Ads,2025-09-26 00:00:00,74.92,1,654.4449240105264"
"C060,1,YouTube,2025-08-05 00:00:00,32.54,0,0.0"
"C060,2,Blog Post,2025-08-12 00:00:00,54.66,0,0.0"
"C060,3,Instagram,2025-09-14 00:00:00,32.88,0,0.0"
"C060,4,Email,2025-09-15 00:00:00,64.37,1,453.3928488947813"
"C061,1,Google Ads,2025-08-03 00:00:00,14.07,0,0.0"
"C061,2,Email,2025-09-13 00:00:00,19.54,0,0.0"
"C062,1,Facebook Ads,2025-08-07 00:00:00,25.25,0,0.0"
"C062,2,Organic Search,2025-08-18 00:00:00,41.77,1,664.6990145318807"
"C063,1,Organic Search,2025-08-12 00:00:00,71.99,0,0.0"
"C063,2,Email,2025-08-22 00:00:00,29.44,0,0.0"
"C063,3,YouTube,2025-09-11 00:00:00,19.43,0,0.0"
"C063,4,Facebook Ads,2025-09-16 00:00:00,33.17,0,0.0"
"C063,5,Instagram,2025-09-24 00:00:00,73.54,0,0.0"
"C064,1,Organic Search,2025-08-06 00:00:00,61.98,0,0.0"
"C064,2,YouTube,2025-08-10 00:00:00,22.03,0,0.0"
"C064,3,YouTube,2025-08-14 00:00:00,72.17,0,0.0"
"C064,4,Instagram,2025-08-21 00:00:00,53.55,1,266.21550588691514"
"C065,1,Blog Post,2025-08-25 00:00:00,44.53,0,0.0"
"C065,2,YouTube,2025-09-12 00:00:00,74.27,0,0.0"
"C065,3,Blog Post,2025-09-15 00:00:00,58.63,0,0.0"
"C065,4,Blog Post,2025-09-22 00:00:00,49.87,1,409.8799799797132"
"C066,1,Facebook Ads,2025-08-09 00:00:00,67.57,0,0.0"
"C066,2,Instagram,2025-08-19 00:00:00,49.84,0,0.0"
"C066,3,Facebook Ads,2025-09-22 00:00:00,11.35,1,212.48085586123545"
"C067,1,YouTube,2025-08-09 00:00:00,46.16,0,0.0"
"C067,2,Organic Search,2025-09-02 00:00:00,20.57,0,0.0"
"C067,3,Blog Post,2025-09-07 00:00:00,69.26,0,0.0"
"C067,4,Facebook Ads,2025-09-15 00:00:00,52.45,0,0.0"
"C067,5,Facebook Ads,2025-09-23 00:00:00,19.34,0,0.0"
"C068,1,Organic Search,2025-08-17 00:00:00,68.1,0,0.0"
"C068,2,Instagram,2025-09-06 00:00:00,12.25,0,0.0"
"C069,1,Blog Post,2025-08-01 00:00:00,66.62,0,0.0"
"C069,2,Organic Search,2025-08-04 00:00:00,53.24,0,0.0"
"C069,3,Facebook Ads,2025-08-17 00:00:00,59.87,0,0.0"
"C069,4,Facebook Ads,2025-09-16 00:00:00,52.15,0,0.0"
"C069,5,Organic Search,2025-09-26 00:00:00,61.98,0,0.0"
"C070,1,Google Ads,2025-08-10 00:00:00,77.3,0,0.0"
"C070,2,Organic Search,2025-08-31 00:00:00,64.78,0,0.0"
"C070,3,Email,2025-09-11 00:00:00,73.09,1,874.7605532600273"
"C071,1,YouTube,2025-08-16 00:00:00,25.28,0,0.0"
"C071,2,Instagram,2025-08-28 00:00:00,31.5,0,0.0"
"C071,3,Blog Post,2025-09-17 00:00:00,72.96,1,200.2681135437822"
"C072,1,Email,2025-08-06 00:00:00,21.12,0,0.0"
"C072,2,Facebook Ads,2025-08-15 00:00:00,24.35,0,0.0"
"C072,3,Email,2025-08-25 00:00:00,38.46,0,0.0"
"C072,4,YouTube,2025-08-31 00:00:00,57.61,0,0.0"
"C072,5,Email,2025-09-13 00:00:00,19.01,0,0.0"
"C073,1,Instagram,2025-08-20 00:00:00,68.09,0,0.0"
"C073,2,Facebook Ads,2025-09-16 00:00:00,52.89,0,0.0"
"C074,1,YouTube,2025-08-10 00:00:00,60.81,0,0.0"
"C074,2,Google Ads,2025-08-14 00:00:00,40.34,0,0.0"
"C074,3,Facebook Ads,2025-08-16 00:00:00,36.96,0,0.0"
"C074,4,Instagram,2025-08-16 00:00:00,17.64,0,0.0"
"C074,5,Email,2025-08-22 00:00:00,70.65,1,471.2852237840852"
"C075,1,Organic Search,2025-08-23 00:00:00,79.85,0,0.0"
"C075,2,Email,2025-09-03 00:00:00,22.14,0,0.0"
"C075,3,Blog Post,2025-09-29 00:00:00,71.56,0,0.0"
"C075,4,YouTube,2025-09-30 00:00:00,77.57,1,328.5847699400608"
"C076,1,Blog Post,2025-08-14 00:00:00,69.49,0,0.0"
"C076,2,Blog Post,2025-09-07 00:00:00,74.34,0,0.0"
"C076,3,Instagram,2025-09-13 00:00:00,65.31,0,0.0"
"C076,4,Email,2025-09-19 00:00:00,76.96,1,412.9997160090975"
"C077,1,Blog Post,2025-08-20 00:00:00,44.56,0,0.0"
"C077,2,Instagram,2025-08-21 00:00:00,23.92,0,0.0"
"C077,3,Facebook Ads,2025-08-28 00:00:00,32.65,0,0.0"
"C077,4,Organic Search,2025-09-02 00:00:00,58.64,0,0.0"
"C077,5,Facebook Ads,2025-09-18 00:00:00,70.2,1,910.1817851961156"
"C078,1,Instagram,2025-08-02 00:00:00,42.21,0,0.0"
"C078,2,Facebook Ads,2025-09-11 00:00:00,62.51,1,784.5455483535912"
"C079,1,Google Ads,2025-08-15 00:00:00,57.99,0,0.0"
"C079,2,Facebook Ads,2025-08-17 00:00:00,56.64,0,0.0"
"C079,3,Facebook Ads,2025-09-07 00:00:00,69.79,1,474.8925331196246"
"C080,1,Email,2025-08-17 00:00:00,58.22,0,0.0"
"C080,2,YouTube,2025-09-19 00:00:00,77.93,1,430.53256819636766"
"C081,1,Organic Search,2025-08-30 00:00:00,22.05,0,0.0"
"C081,2,Blog Post,2025-09-04 00:00:00,51.6,0,0.0"
"C081,3,YouTube,2025-09-08 00:00:00,19.39,1,925.7892103384316"
"C082,1,Instagram,2025-09-02 00:00:00,73.28,0,0.0"
"C082,2,Blog Post,2025-09-05 00:00:00,77.41,0,0.0"
"C082,3,YouTube,2025-09-20 00:00:00,36.92,0,0.0"
"C082,4,Blog Post,2025-09-30 00:00:00,27.73,0,0.0"
"C082,5,Google Ads,2025-09-30 00:00:00,27.5,0,0.0"
"C083,1,Google Ads,2025-08-12 00:00:00,27.41,0,0.0"
"C083,2,Instagram,2025-08-31 00:00:00,17.58,1,732.153190664726"
"C084,1,YouTube,2025-08-05 00:00:00,19.12,0,0.0"
"C084,2,YouTube,2025-08-25 00:00:00,74.54,0,0.0"
"C084,3,Google Ads,2025-09-16 00:00:00,60.99,0,0.0"
"C085,1,Google Ads,2025-09-14 00:00:00,73.67,0,0.0"
"C085,2,Google Ads,2025-09-17 00:00:00,65.67,0,0.0"
"C085,3,Facebook Ads,2025-09-30 00:00:00,41.02,0,0.0"
"C086,1,Facebook Ads,2025-08-03 00:00:00,54.04,0,0.0"
"C086,2,Blog Post,2025-08-11 00:00:00,13.29,0,0.0"
"C086,3,Facebook Ads,2025-08-12 00:00:00,64.24,0,0.0"
"C086,4,YouTube,2025-08-25 00:00:00,11.19,0,0.0"
"C086,5,Facebook Ads,2025-09-04 00:00:00,51.77,1,662.4956551878188"
"C087,1,Instagram,2025-08-08 00:00:00,22.2,0,0.0"
"C087,2,Email,2025-08-08 00:00:00,77.22,0,0.0"
"C087,3,Google Ads,2025-08-31 00:00:00,58.48,0,0.0"
"C088,1,Google Ads,2025-08-09 00:00:00,39.58,0,0.0"
"C088,2,Instagram,2025-09-06 00:00:00,57.96,0,0.0"
"C089,1,Organic Search,2025-08-10 00:00:00,76.56,0,0.0"
"C089,2,Blog Post,2025-08-18 00:00:00,70.62,1,337.2894836393107"
"C090,1,YouTube,2025-08-02 00:00:00,48.48,0,0.0"
"C090,2,YouTube,2025-08-26 00:00:00,73.16,1,759.0456066853666"
"C091,1,Facebook Ads,2025-08-04 00:00:00,46.81,0,0.0"
"C091,2,Facebook Ads,2025-09-13 00:00:00,33.04,1,977.6966427977527"
"C092,1,Email,2025-08-02 00:00:00,68.1,0,0.0"
"C092,2,Facebook Ads,2025-08-28 00:00:00,57.36,0,0.0"
"C092,3,Instagram,2025-09-05 00:00:00,19.81,0,0.0"
"C092,4,Google Ads,2025-09-30 00:00:00,58.18,1,236.63057995292905"
"C093,1,Google Ads,2025-08-04 00:00:00,69.07,0,0.0"
"C093,2,YouTube,2025-09-04 00:00:00,43.49,0,0.0"
"C093,3,Email,2025-09-24 00:00:00,16.76,0,0.0"
"C094,1,Organic Search,2025-08-03 00:00:00,12.79,0,0.0"
"C094,2,Google Ads,2025-09-21 00:00:00,67.57,0,0.0"
"C094,3,Facebook Ads,2025-09-23 00:00:00,43.45,0,0.0"
"C095,1,YouTube,2025-08-01 00:00:00,30.06,0,0.0"
"C095,2,Facebook Ads,2025-08-02 00:00:00,24.4,0,0.0"
"C095,3,Email,2025-08-07 00:00:00,31.59,0,0.0"
"C095,4,Organic Search,2025-09-26 00:00:00,72.17,0,0.0"
"C095,5,Facebook Ads,2025-09-29 00:00:00,13.83,0,0.0"
"C096,1,Facebook Ads,2025-08-08 00:00:00,13.69,0,0.0"
"C096,2,Facebook Ads,2025-08-22 00:00:00,14.16,0,0.0"
"C096,3,Google Ads,2025-09-19 00:00:00,23.43,0,0.0"
"C096,4,YouTube,2025-09-22 00:00:00,18.54,0,0.0"
"C097,1,Google Ads,2025-08-05 00:00:00,46.97,0,0.0"
"C097,2,Facebook Ads,2025-09-13 00:00:00,70.51,0,0.0"
"C097,3,YouTube,2025-09-23 00:00:00,52.61,0,0.0"
"C097,4,Blog Post,2025-09-26 00:00:00,27.55,0,0.0"
"C098,1,Email,2025-08-12 00:00:00,72.53,0,0.0"
"C098,2,YouTube,2025-08-17 00:00:00,72.15,0,0.0"
"C098,3,Facebook Ads,2025-09-04 00:00:00,66.55,0,0.0"
"C098,4,Blog Post,2025-09-28 00:00:00,22.06,0,0.0"
"C098,5,Email,2025-09-30 00:00:00,11.29,1,301.50774714802344"
"C099,1,Blog Post,2025-08-29 00:00:00,39.36,0,0.0"
"C099,2,Instagram,2025-09-19 00:00:00,48.39,0,0.0"
"C100,1,YouTube,2025-09-07 00:00:00,43.85,0,0.0"
"C100,2,Email,2025-09-23 00:00:00,70.56,0,0.0"
"C100,3,Email,2025-09-27 00:00:00,74.99,1,846.1926132953287"
"C101,1,Blog Post,2025-08-05 00:00:00,75.71,0,0.0"
"C101,2,Organic Search,2025-08-13 00:00:00,12.77,0,0.0"
"C101,3,YouTube,2025-08-16 00:00:00,22.4,0,0.0"
"C101,4,Google Ads,2025-09-24 00:00:00,69.32,1,305.6922307304065"
"C102,1,Instagram,2025-08-13 00:00:00,61.89,0,0.0"
"C102,2,Email,2025-09-14 00:00:00,10.19,0,0.0"
"C103,1,Facebook Ads,2025-08-24 00:00:00,73.66,0,0.0"
"C103,2,YouTube,2025-08-25 00:00:00,37.11,0,0.0"
"C103,3,Google Ads,2025-09-08 00:00:00,37.32,0,0.0"
"C103,4,Google Ads,2025-09-19 00:00:00,47.02,1,531.1903941227183"
"C104,1,Google Ads,2025-09-17 00:00:00,59.5,0,0.0"
"C104,2,YouTube,2025-09-30 00:00:00,67.37,1,381.90634130306825"
"C105,1,Facebook Ads,2025-08-04 00:00:00,63.81,0,0.0"
"C105,2,YouTube,2025-08-27 00:00:00,55.95,0,0.0"
"C105,3,Google Ads,2025-09-10 00:00:00,10.81,0,0.0"
"C105,4,Instagram,2025-09-21 00:00:00,26.8,0,0.0"
"C106,1,Instagram,2025-08-03 00:00:00,15.05,0,0.0"
"C106,2,Blog Post,2025-08-17 00:00:00,15.74,0,0.0"
"C106,3,Google Ads,2025-09-05 00:00:00,50.14,0,0.0"
"C106,4,YouTube,2025-09-07 00:00:00,47.44,0,0.0"
"C106,5,YouTube,2025-09-26 00:00:00,79.79,0,0.0"
"C107,1,Blog Post,2025-08-02 00:00:00,24.63,0,0.0"
"C107,2,YouTube,2025-08-20 00:00:00,68.85,0,0.0"
"C107,3,Google Ads,2025-08-31 00:00:00,36.89,0,0.0"
"C107,4,Google Ads,2025-09-22 00:00:00,25.99,0,0.0"
"C107,5,Instagram,2025-09-30 00:00:00,69.38,0,0.0"
"C108,1,YouTube,2025-08-18 00:00:00,54.08,0,0.0"
"C108,2,Instagram,2025-08-21 00:00:00,66.91,0,0.0"
"C108,3,Google Ads,2025-09-01 00:00:00,36.68,0,0.0"
"C108,4,Organic Search,2025-09-15 00:00:00,66.74,1,244.2331374713219"
"C109,1,Email,2025-08-03 00:00:00,39.24,0,0.0"
"C109,2,YouTube,2025-09-03 00:00:00,66.29,0,0.0"
"C109,3,YouTube,2025-09-24 00:00:00,44.76,0,0.0"
"C109,4,Blog Post,2025-09-27 00:00:00,75.33,0,0.0"
"C109,5,Organic Search,2025-09-30 00:00:00,58.46,0,0.0"
"C110,1,Organic Search,2025-08-01 00:00:00,30.04,0,0.0"
"C110,2,Google Ads,2025-08-23 00:00:00,10.01,0,0.0"
"C110,3,Email,2025-09-17 00:00:00,17.63,0,0.0"
"C110,4,Facebook Ads,2025-09-20 00:00:00,44.57,0,0.0"
"C111,1,YouTube,2025-08-27 00:00:00,66.56,0,0.0"
"C111,2,Email,2025-08-27 00:00:00,15.98,0,0.0"
"C112,1,Facebook Ads,2025-08-30 00:00:00,62.72,0,0.0"
"C112,2,YouTube,2025-09-06 00:00:00,23.51,0,0.0"
"C113,1,Organic Search,2025-08-18 00:00:00,74.95,0,0.0"
"C113,2,Email,2025-09-14 00:00:00,69.93,1,512.930649313479"
"C114,1,Google Ads,2025-08-04 00:00:00,12.9,0,0.0"
"C114,2,Blog Post,2025-08-06 00:00:00,19.12,0,0.0"
"C114,3,Email,2025-08-25 00:00:00,69.13,0,0.0"
"C114,4,Google Ads,2025-09-24 00:00:00,47.23,1,209.41451925445955"
"C115,1,Blog Post,2025-09-03 00:00:00,32.52,0,0.0"
"C115,2,Blog Post,2025-09-03 00:00:00,12.34,0,0.0"
"C115,3,Organic Search,2025-09-04 00:00:00,32.72,1,617.9606809163283"
"C116,1,Facebook Ads,2025-08-01 00:00:00,26.28,0,0.0"
"C116,2,Organic Search,2025-08-14 00:00:00,68.77,0,0.0"
"C116,3,Email,2025-08-30 00:00:00,78.72,0,0.0"
"C116,4,Google Ads,2025-09-24 00:00:00,30.51,0,0.0"
"C116,5,Instagram,2025-09-30 00:00:00,10.23,0,0.0"
"C117,1,Facebook Ads,2025-09-02 00:00:00,36.26,0,0.0"
"C117,2,Organic Search,2025-09-15 00:00:00,75.87,0,0.0"
"C117,3,Organic Search,2025-09-22 00:00:00,57.04,0,0.0"
"C117,4,Facebook Ads,2025-09-29 00:00:00,64.26,1,761.4067041161011"
"C118,1,Instagram,2025-08-18 00:00:00,24.91,0,0.0"
"C118,2,Blog Post,2025-08-24 00:00:00,72.43,0,0.0"
"C118,3,Google Ads,2025-09-05 00:00:00,51.05,0,0.0"
"C118,4,Organic Search,2025-09-24 00:00:00,58.98,1,720.1604674101374"
"C119,1,Facebook Ads,2025-08-03 00:00:00,63.34,0,0.0"
"C119,2,Organic Search,2025-09-23 00:00:00,55.25,1,811.3826451671637"
"C120,1,Email,2025-08-19 00:00:00,21.85,0,0.0"
"C120,2,Instagram,2025-09-14 00:00:00,18.63,0,0.0"
"C120,3,Organic Search,2025-09-16 00:00:00,55.84,0,0.0"
"C120,4,Blog Post,2025-09-28 00:00:00,60.6,0,0.0"
"C121,1,Blog Post,2025-08-10 00:00:00,59.9,0,0.0"
"C121,2,Organic Search,2025-09-03 00:00:00,20.25,0,0.0"
"C121,3,Google Ads,2025-09-09 00:00:00,44.93,0,0.0"
"C121,4,Instagram,2025-09-20 00:00:00,25.05,0,0.0"
"C121,5,Organic Search,2025-09-27 00:00:00,26.07,1,844.3230072507139"
"C122,1,Organic Search,2025-08-15 00:00:00,21.33,0,0.0"
"C122,2,Facebook Ads,2025-08-31 00:00:00,19.89,0,0.0"
"C122,3,Organic Search,2025-09-06 00:00:00,69.26,0,0.0"
"C122,4,Instagram,2025-09-30 00:00:00,47.18,1,704.2724983091903"
"C123,1,Organic Search,2025-08-07 00:00:00,69.05,0,0.0"
"C123,2,Organic Search,2025-08-17 00:00:00,72.12,0,0.0"
"C123,3,Google Ads,2025-08-20 00:00:00,34.65,0,0.0"
"C123,4,Google Ads,2025-09-09 00:00:00,79.56,1,484.4920857498833"
"C124,1,Email,2025-09-05 00:00:00,21.04,0,0.0"
"C124,2,Instagram,2025-09-12 00:00:00,46.65,0,0.0"
"C124,3,Facebook Ads,2025-09-21 00:00:00,47.44,0,0.0"
"C124,4,Facebook Ads,2025-09-24 00:00:00,70.5,1,979.1647584625923"
"C125,1,Blog Post,2025-08-05 00:00:00,38.3,0,0.0"
"C125,2,Facebook Ads,2025-08-10 00:00:00,44.75,0,0.0"
"C125,3,YouTube,2025-08-16 00:00:00,77.65,0,0.0"
"C125,4,Instagram,2025-08-27 00:00:00,52.49,0,0.0"
"C126,1,Blog Post,2025-08-09 00:00:00,12.97,0,0.0"
"C126,2,Instagram,2025-08-09 00:00:00,44.8,0,0.0"
"C126,3,Instagram,2025-09-24 00:00:00,53.64,0,0.0"
"C126,4,Google Ads,2025-09-26 00:00:00,40.84,1,425.5870651712671"
"C127,1,Instagram,2025-08-10 00:00:00,56.09,0,0.0"
"C127,2,Organic Search,2025-09-16 00:00:00,68.36,0,0.0"
"C127,3,Organic Search,2025-09-26 00:00:00,22.76,0,0.0"
"C128,1,Instagram,2025-08-17 00:00:00,30.31,0,0.0"
"C128,2,Email,2025-08-17 00:00:00,43.72,0,0.0"
"C128,3,Google Ads,2025-08-30 00:00:00,32.37,0,0.0"
"C129,1,Facebook Ads,2025-08-12 00:00:00,12.07,0,0.0"
"C129,2,Email,2025-08-28 00:00:00,65.2,0,0.0"
"C129,3,YouTube,2025-09-21 00:00:00,13.6,1,223.58994517516385"
"C130,1,Blog Post,2025-08-15 00:00:00,18.7,0,0.0"
"C130,2,Facebook Ads,2025-09-07 00:00:00,34.92,0,0.0"
"C130,3,Email,2025-09-21 00:00:00,75.45,0,0.0"
"C130,4,Instagram,2025-09-24 00:00:00,61.71,0,0.0"
"C130,5,YouTube,2025-09-26 00:00:00,59.14,0,0.0"
"C131,1,Blog Post,2025-08-16 00:00:00,38.52,0,0.0"
"C131,2,Instagram,2025-09-04 00:00:00,67.58,0,0.0"
"C131,3,Email,2025-09-06 00:00:00,69.89,0,0.0"
"C131,4,Google Ads,2025-09-09 00:00:00,30.53,0,0.0"
"C131,5,Email,2025-09-28 00:00:00,73.01,1,904.688083308917"
"C132,1,Google Ads,2025-08-02 00:00:00,11.24,0,0.0"
"C132,2,Instagram,2025-09-01 00:00:00,15.53,0,0.0"
"C132,3,Organic Search,2025-09-29 00:00:00,23.12,1,862.4838027000632"
"C133,1,YouTube,2025-09-08 00:00:00,78.43,0,0.0"
"C133,2,Instagram,2025-09-10 00:00:00,40.9,1,585.9137154852634"
"C134,1,Blog Post,2025-08-08 00:00:00,58.7,0,0.0"
"C134,2,Google Ads,2025-08-22 00:00:00,36.1,1,391.8485406357577"
"C135,1,Blog Post,2025-08-11 00:00:00,78.93,0,0.0"
"C135,2,Email,2025-08-13 00:00:00,36.93,0,0.0"
"C135,3,Blog Post,2025-08-19 00:00:00,59.76,1,998.0277779735559"
"C136,1,Organic Search,2025-08-17 00:00:00,44.66,0,0.0"
"C136,2,Email,2025-08-24 00:00:00,36.16,0,0.0"
"C136,3,Blog Post,2025-09-09 00:00:00,19.58,0,0.0"
"C136,4,Blog Post,2025-09-20 00:00:00,22.04,0,0.0"
"C136,5,Facebook Ads,2025-09-27 00:00:00,55.13,0,0.0"
"C137,1,Instagram,2025-09-19 00:00:00,77.89,0,0.0"
"C137,2,Facebook Ads,2025-09-21 00:00:00,25.01,0,0.0"
"C137,3,Organic Search,2025-09-27 00:00:00,30.11,1,746.6276200871823"
"C138,1,Google Ads,2025-08-01 00:00:00,16.06,0,0.0"
"C138,2,Instagram,2025-08-03 00:00:00,26.04,0,0.0"
"C138,3,Google Ads,2025-08-09 00:00:00,31.73,0,0.0"
"C138,4,Email,2025-09-06 00:00:00,14.61,0,0.0"
"C138,5,Email,2025-09-25 00:00:00,79.65,0,0.0"
"C139,1,Google Ads,2025-08-02 00:00:00,61.25,0,0.0"
"C139,2,Email,2025-08-08 00:00:00,36.6,0,0.0"
"C139,3,Email,2025-08-15 00:00:00,52.47,0,0.0"
"C140,1,Blog Post,2025-08-31 00:00:00,25.09,0,0.0"
"C140,2,Email,2025-09-02 00:00:00,33.91,0,0.0"
"C140,3,Blog Post,2025-09-12 00:00:00,74.88,1,699.5924740783046"
"C141,1,Organic Search,2025-08-25 00:00:00,69.5,0,0.0"
"C141,2,YouTube,2025-08-30 00:00:00,32.27,0,0.0"
"C141,3,Organic Search,2025-09-05 00:00:00,62.85,0,0.0"
"C141,4,Organic Search,2025-09-22 00:00:00,20.82,0,0.0"
"C142,1,Google Ads,2025-09-12 00:00:00,71.4,0,0.0"
"C142,2,YouTube,2025-09-17 00:00:00,68.65,0,0.0"
"C142,3,YouTube,2025-09-23 00:00:00,75.06,0,0.0"
"C142,4,Blog Post,2025-09-26 00:00:00,37.73,0,0.0"
"C143,1,Organic Search,2025-08-06 00:00:00,70.98,0,0.0"
"C143,2,YouTube,2025-08-07 00:00:00,46.54,0,0.0"
"C143,3,YouTube,2025-08-10 00:00:00,67.58,0,0.0"
"C143,4,Google Ads,2025-08-31 00:00:00,18.55,0,0.0"
"C143,5,YouTube,2025-09-24 00:00:00,73.29,0,0.0"
"C144,1,Blog Post,2025-08-02 00:00:00,52.73,0,0.0"
"C144,2,Email,2025-08-03 00:00:00,63.33,0,0.0"
"C144,3,Facebook Ads,2025-08-29 00:00:00,11.29,0,0.0"
"C144,4,Google Ads,2025-08-30 00:00:00,11.79,1,314.4770541527214"
"C145,1,Organic Search,2025-08-03 00:00:00,32.88,0,0.0"
"C145,2,Facebook Ads,2025-08-07 00:00:00,58.69,0,0.0"
"C145,3,Instagram,2025-08-12 00:00:00,65.77,1,905.8303592266595"
"C146,1,Facebook Ads,2025-08-22 00:00:00,14.4,0,0.0"
"C146,2,Email,2025-09-01 00:00:00,40.79,0,0.0"
"C146,3,Organic Search,2025-09-26 00:00:00,73.5,0,0.0"
"C146,4,YouTube,2025-09-30 00:00:00,69.44,0,0.0"
"C147,1,YouTube,2025-08-09 00:00:00,59.6,0,0.0"
"C147,2,Organic Search,2025-08-10 00:00:00,57.16,0,0.0"
"C148,1,Facebook Ads,2025-08-26 00:00:00,43.66,0,0.0"
"C148,2,Email,2025-08-28 00:00:00,73.3,0,0.0"
"C148,3,Blog Post,2025-09-29 00:00:00,73.66,1,961.7618788252388"
"C149,1,YouTube,2025-08-03 00:00:00,57.71,0,0.0"
"C149,2,Google Ads,2025-08-19 00:00:00,59.96,0,0.0"
"C149,3,YouTube,2025-09-07 00:00:00,39.36,0,0.0"
"C149,4,Organic Search,2025-09-15 00:00:00,37.7,0,0.0"
"C150,1,YouTube,2025-08-01 00:00:00,53.84,0,0.0"
"C150,2,Facebook Ads,2025-09-08 00:00:00,40.34,0,0.0"
"C150,3,Blog Post,2025-09-26 00:00:00,16.33,0,0.0"
"C150,4,Email,2025-09-30 00:00:00,32.34,1,491.035538205035"
"C151,1,Email,2025-08-03 00:00:00,10.7,0,0.0"
"C151,2,Blog Post,2025-08-26 00:00:00,52.55,0,0.0"
"C151,3,YouTube,2025-09-04 00:00:00,12.1,0,0.0"
"C151,4,Instagram,2025-09-19 00:00:00,62.9,1,877.0392186164037"
"C152,1,Instagram,2025-08-23 00:00:00,47.86,0,0.0"
"C152,2,Google Ads,2025-09-18 00:00:00,27.27,1,333.29078135680703"
"C153,1,Google Ads,2025-08-15 00:00:00,58.61,0,0.0"
"C153,2,Email,2025-09-12 00:00:00,24.23,0,0.0"
"C153,3,Organic Search,2025-09-21 00:00:00,78.84,1,496.3085502749471"
"C154,1,Instagram,2025-08-22 00:00:00,23.77,0,0.0"
"C154,2,Email,2025-09-06 00:00:00,46.44,0,0.0"
"C154,3,Instagram,2025-09-08 00:00:00,71.02,0,0.0"
"C154,4,Email,2025-09-15 00:00:00,66.6,0,0.0"
"C154,5,Facebook Ads,2025-09-27 00:00:00,63.59,1,734.3123979275888"
"C155,1,Google Ads,2025-08-04 00:00:00,17.61,0,0.0"
"C155,2,Google Ads,2025-09-20 00:00:00,73.34,0,0.0"
"C155,3,Instagram,2025-09-27 00:00:00,36.9,0,0.0"
"C156,1,Blog Post,2025-09-11 00:00:00,27.1,0,0.0"
"C156,2,Facebook Ads,2025-09-16 00:00:00,71.21,0,0.0"
"C156,3,Facebook Ads,2025-09-27 00:00:00,23.17,0,0.0"
"C156,4,YouTube,2025-09-30 00:00:00,57.53,1,719.3498589253671"
"C157,1,Facebook Ads,2025-08-17 00:00:00,64.35,0,0.0"
"C157,2,Instagram,2025-08-30 00:00:00,47.63,0,0.0"
"C157,3,Google Ads,2025-09-29 00:00:00,11.39,0,0.0"
"C158,1,Blog Post,2025-08-12 00:00:00,64.13,0,0.0"
"C158,2,Google Ads,2025-08-14 00:00:00,49.15,0,0.0"
"C158,3,YouTube,2025-08-19 00:00:00,72.26,0,0.0"
"C158,4,Instagram,2025-08-30 00:00:00,14.16,0,0.0"
"C158,5,Google Ads,2025-08-30 00:00:00,74.2,1,871.2010472982988"
"C159,1,Email,2025-09-15 00:00:00,79.66,0,0.0"
"C159,2,Email,2025-09-18 00:00:00,32.53,0,0.0"
"C159,3,YouTube,2025-09-27 00:00:00,38.56,0,0.0"
"C160,1,YouTube,2025-08-06 00:00:00,63.19,0,0.0"
"C160,2,YouTube,2025-08-10 00:00:00,26.67,0,0.0"
"C161,1,YouTube,2025-08-28 00:00:00,79.23,0,0.0"
"C161,2,Google Ads,2025-09-09 00:00:00,62.88,1,945.3977942223528"
"C162,1,Blog Post,2025-08-13 00:00:00,37.83,0,0.0"
"C162,2,Email,2025-09-06 00:00:00,56.06,0,0.0"
"C162,3,Facebook Ads,2025-09-15 00:00:00,31.14,0,0.0"
"C163,1,Instagram,2025-09-06 00:00:00,70.5,0,0.0"
"C163,2,Blog Post,2025-09-07 00:00:00,39.71,0,0.0"
"C163,3,Email,2025-09-09 00:00:00,50.39,0,0.0"
"C163,4,Instagram,2025-09-17 00:00:00,70.13,0,0.0"
"C164,1,Organic Search,2025-08-12 00:00:00,50.17,0,0.0"
"C164,2,YouTube,2025-09-03 00:00:00,53.81,0,0.0"
"C165,1,Google Ads,2025-08-18 00:00:00,32.6,0,0.0"
"C165,2,Instagram,2025-08-18 00:00:00,24.02,0,0.0"
"C165,3,Email,2025-09-02 00:00:00,69.05,0,0.0"
"C165,4,Email,2025-09-17 00:00:00,23.31,0,0.0"
"C165,5,Instagram,2025-09-20 00:00:00,50.4,0,0.0"
"C166,1,Organic Search,2025-08-12 00:00:00,69.51,0,0.0"
"C166,2,Google Ads,2025-09-05 00:00:00,60.17,1,273.0270988221374"
"C167,1,Email,2025-08-06 00:00:00,22.58,0,0.0"
"C167,2,Email,2025-08-25 00:00:00,62.86,1,747.0937624341896"
"C168,1,Blog Post,2025-08-01 00:00:00,51.69,0,0.0"
"C168,2,YouTube,2025-08-03 00:00:00,31.43,0,0.0"
"C168,3,Organic Search,2025-08-10 00:00:00,13.27,1,312.9612375960722"
"C169,1,Organic Search,2025-08-08 00:00:00,34.93,0,0.0"
"C169,2,Blog Post,2025-08-11 00:00:00,22.82,0,0.0"
"C169,3,Organic Search,2025-08-31 00:00:00,44.84,0,0.0"
"C170,1,Email,2025-08-18 00:00:00,63.94,0,0.0"
"C170,2,YouTube,2025-09-03 00:00:00,65.62,1,317.293504477298"
"C171,1,Email,2025-08-03 00:00:00,34.77,0,0.0"
"C171,2,Email,2025-08-05 00:00:00,61.07,0,0.0"
"C171,3,Email,2025-08-20 00:00:00,52.28,0,0.0"
"C171,4,Google Ads,2025-09-03 00:00:00,51.78,0,0.0"
"C171,5,YouTube,2025-09-28 00:00:00,59.04,1,598.1988603234875"
"C172,1,Blog Post,2025-08-09 00:00:00,46.26,0,0.0"
"C172,2,Facebook Ads,2025-08-11 00:00:00,22.51,0,0.0"
"C172,3,Facebook Ads,2025-09-10 00:00:00,11.66,0,0.0"
"C172,4,Blog Post,2025-09-13 00:00:00,27.83,0,0.0"
"C172,5,Organic Search,2025-09-24 00:00:00,35.14,1,494.0726609405897"
"C173,1,YouTube,2025-08-16 00:00:00,43.34,0,0.0"
"C173,2,Instagram,2025-08-21 00:00:00,75.32,0,0.0"
"C174,1,YouTube,2025-08-05 00:00:00,47.7,0,0.0"
"C174,2,Email,2025-08-25 00:00:00,35.64,0,0.0"
"C174,3,Blog Post,2025-09-11 00:00:00,19.79,1,970.7355358565234"
"C175,1,Blog Post,2025-08-18 00:00:00,44.32,0,0.0"
"C175,2,YouTube,2025-09-08 00:00:00,39.54,0,0.0"
"C175,3,Blog Post,2025-09-11 00:00:00,29.71,0,0.0"
"C175,4,Blog Post,2025-09-13 00:00:00,65.37,0,0.0"
"C175,5,Google Ads,2025-09-23 00:00:00,47.99,0,0.0"
"C176,1,Blog Post,2025-08-06 00:00:00,79.08,0,0.0"
"C176,2,Blog Post,2025-08-22 00:00:00,70.69,0,0.0"
"C176,3,Google Ads,2025-08-30 00:00:00,11.26,0,0.0"
"C176,4,Google Ads,2025-08-31 00:00:00,66.59,0,0.0"
"C177,1,Instagram,2025-08-02 00:00:00,43.0,0,0.0"
"C177,2,Facebook Ads,2025-08-14 00:00:00,61.5,0,0.0"
"C177,3,Facebook Ads,2025-09-22 00:00:00,33.72,0,0.0"
"C177,4,Instagram,2025-09-29 00:00:00,49.25,1,741.2764849819904"
"C178,1,Organic Search,2025-08-15 00:00:00,59.32,0,0.0"
"C178,2,Facebook Ads,2025-09-07 00:00:00,23.04,0,0.0"
"C178,3,YouTube,2025-09-20 00:00:00,63.16,1,522.5509481679976"
"C179,1,Organic Search,2025-08-09 00:00:00,71.39,0,0.0"
"C179,2,YouTube,2025-09-03 00:00:00,50.46,0,0.0"
"C179,3,Blog Post,2025-09-14 00:00:00,37.51,0,0.0"
"C180,1,Email,2025-08-09 00:00:00,15.17,0,0.0"
"C180,2,YouTube,2025-08-17 00:00:00,41.59,0,0.0"
"C180,3,Facebook Ads,2025-09-02 00:00:00,49.66,0,0.0"
"C180,4,Blog Post,2025-09-07 00:00:00,60.34,0,0.0"
"C180,5,Google Ads,2025-09-26 00:00:00,16.45,1,906.3245563483022"
"C181,1,Instagram,2025-08-12 00:00:00,56.58,0,0.0"
"C181,2,Instagram,2025-09-03 00:00:00,39.65,1,698.503304129488"
"C182,1,Organic Search,2025-08-07 00:00:00,30.58,0,0.0"
"C182,2,Blog Post,2025-09-01 00:00:00,56.49,0,0.0"
"C182,3,Google Ads,2025-09-26 00:00:00,14.46,0,0.0"
"C183,1,Instagram,2025-08-29 00:00:00,42.72,0,0.0"
"C183,2,YouTube,2025-08-31 00:00:00,18.96,0,0.0"
"C183,3,YouTube,2025-09-11 00:00:00,48.98,1,589.0860249528371"
"C184,1,Blog Post,2025-08-01 00:00:00,29.28,0,0.0"
"C184,2,Facebook Ads,2025-08-02 00:00:00,41.43,0,0.0"
"C184,3,Instagram,2025-08-27 00:00:00,53.83,0,0.0"
"C184,4,Email,2025-09-09 00:00:00,60.45,0,0.0"
"C184,5,Instagram,2025-09-10 00:00:00,68.27,0,0.0"
"C185,1,YouTube,2025-08-08 00:00:00,20.24,0,0.0"
"C185,2,Organic Search,2025-08-23 00:00:00,77.08,0,0.0"
"C185,3,Organic Search,2025-08-27 00:00:00,67.3,0,0.0"
"C185,4,Organic Search,2025-09-24 00:00:00,28.01,0,0.0"
"C186,1,Google Ads,2025-08-27 00:00:00,27.62,0,0.0"
"C186,2,Instagram,2025-09-04 00:00:00,59.11,0,0.0"
"C186,3,Email,2025-09-21 00:00:00,39.57,0,0.0"
"C186,4,Facebook Ads,2025-09-27 00:00:00,64.83,1,273.21440111046786"
"C187,1,Organic Search,2025-08-11 00:00:00,31.37,0,0.0"
"C187,2,YouTube,2025-08-18 00:00:00,63.62,0,0.0"
"C187,3,Instagram,2025-09-03 00:00:00,67.59,0,0.0"
"C187,4,Facebook Ads,2025-09-06 00:00:00,46.58,0,0.0"
"C187,5,Organic Search,2025-09-29 00:00:00,69.98,1,240.68229164374787"
"C188,1,Blog Post,2025-09-12 00:00:00,60.11,0,0.0"
"C188,2,Google Ads,2025-09-13 00:00:00,66.11,1,737.2854733010151"
"C189,1,Google Ads,2025-08-08 00:00:00,28.04,0,0.0"
"C189,2,Facebook Ads,2025-08-09 00:00:00,38.71,0,0.0"
"C189,3,Organic Search,2025-08-25 00:00:00,69.83,0,0.0"
"C189,4,Facebook Ads,2025-09-22 00:00:00,37.65,0,0.0"
"C189,5,Organic Search,2025-09-23 00:00:00,38.3,1,926.0233570816914"
"C190,1,Instagram,2025-08-04 00:00:00,10.84,0,0.0"
"C190,2,Facebook Ads,2025-09-11 00:00:00,66.18,0,0.0"
"C191,1,Facebook Ads,2025-08-01 00:00:00,46.67,0,0.0"
"C191,2,Facebook Ads,2025-08-03 00:00:00,67.49,0,0.0"
"C192,1,Facebook Ads,2025-08-12 00:00:00,20.32,0,0.0"
"C192,2,Blog Post,2025-09-09 00:00:00,39.07,1,996.6837122189194"
"C193,1,YouTube,2025-08-11 00:00:00,42.76,0,0.0"
"C193,2,Blog Post,2025-09-27 00:00:00,63.07,0,0.0"
"C194,1,Email,2025-09-01 00:00:00,33.33,0,0.0"
"C194,2,Instagram,2025-09-11 00:00:00,55.92,1,686.710600511102"
"C195,1,Organic Search,2025-08-21 00:00:00,67.03,0,0.0"
"C195,2,YouTube,2025-09-30 00:00:00,58.78,1,576.1077042177561"
"C196,1,YouTube,2025-08-21 00:00:00,41.28,0,0.0"
"C196,2,Organic Search,2025-08-21 00:00:00,18.28,0,0.0"
"C196,3,Facebook Ads,2025-09-01 00:00:00,60.6,0,0.0"
"C196,4,YouTube,2025-09-06 00:00:00,44.29,0,0.0"
"C196,5,YouTube,2025-09-30 00:00:00,51.26,0,0.0"
"C197,1,Blog Post,2025-09-20 00:00:00,74.94,0,0.0"
"C197,2,Blog Post,2025-09-26 00:00:00,79.63,0,0.0"
"C198,1,Email,2025-08-07 00:00:00,11.08,0,0.0"
"C198,2,Email,2025-08-29 00:00:00,69.21,0,0.0"
"C198,3,Blog Post,2025-09-24 00:00:00,29.41,1,663.1415920514721"
"C199,1,Blog Post,2025-08-30 00:00:00,16.71,0,0.0"
"C199,2,Facebook Ads,2025-09-14 00:00:00,24.88,0,0.0"
"C199,3,YouTube,2025-09-21 00:00:00,60.25,0,0.0"
"C200,1,YouTube,2025-08-04 00:00:00,47.54,0,0.0"
"C200,2,Organic Search,2025-09-02 00:00:00,72.52,0,0.0"
"C200,3,Organic Search,2025-09-03 00:00:00,22.55,0,0.0"
"C200,4,Instagram,2025-09-11 00:00:00,61.69,0,0.0"
"C200,5,Organic Search,2025-09-14 00:00:00,48.2,0,0.0"
